地域階層,地区コード,項番 Item number,地域,District,総数 All manufacturing／事業所数 Establishments,総数 All manufacturing／従業者数 Employees,総数 All manufacturing／現金給与総額 Total cash wages,総数 All manufacturing／原材料使用額等 Value of raw materials used， etc.,総数 All manufacturing／製造品出荷額等 Shipment value of manufactured goods， etc.,総数 All manufacturing／粗付加価値額 Gross value added,事業所数 Establishments／食料品 Food,事業所数 Establishments／飲料・たばこ・飼料 Beverages， tobacco and feed,事業所数 Establishments／繊維工業 Textiles,事業所数 Establishments／木材・木製品(家具を除く) Lumber and wood products， except furniture,事業所数 Establishments／家具・装備品 Furniture and fixtures,事業所数 Establishments／パルプ・紙・紙加工品 Pulp， paper and paper products,事業所数 Establishments／印刷・同関連業 Printing and allied industries,事業所数 Establishments／化学工業 Chemicals,事業所数 Establishments／石油・石炭製品 Petroleum and coal products,事業所数 Establishments／プラスチック製品(別掲を除く) Plastic products， except otherwise classified,事業所数 Establishments／ゴム製品 Rubber products,事業所数 Establishments／なめし革・同製品・毛皮 Tanned leather， leather products and fur skins,事業所数 Establishments／窯業・土石製品 Ceramic， stone and clay products,事業所数 Establishments／鉄鋼業 Iron and steel,事業所数 Establishments／非鉄金属 Non-ferrous metals and products,事業所数 Establishments／金属製品 Fabricated metal products,事業所数 Establishments／はん用機械器具 General-purpose machinery,事業所数 Establishments／生産用機械器具 Production machinery,事業所数 Establishments／業務用機械器具 Business use machinery,事業所数 Establishments／電子部品・デバイス・電子回路 Electronic parts， devices and electronic circuits,事業所数 Establishments／電気機械器具 Electrical machinery， equipment and supplies,事業所数 Establishments／情報通信機械器具 Information and communications equipment,事業所数 Establishments／輸送用機械器具 Transportation equipment,事業所数 Establishments／その他 Others,従業者数 Persons engaged／食料品 Food,従業者数 Persons engaged／飲料・たばこ・飼料 Beverages， tobacco and feed,従業者数 Persons engaged／繊維工業 Textiles,従業者数 Persons engaged／木材・木製品(家具を除く) Lumber and wood products， except furniture,従業者数 Persons engaged／家具・装備品 Furniture and fixtures,従業者数 Persons engaged／パルプ・紙・紙加工品 Pulp， paper and paper products,従業者数 Persons engaged／印刷・同関連業 Printing and allied industries,従業者数 Persons engaged／化学工業 Chemicals,従業者数 Persons engaged／石油・石炭製品 Petroleum and coal products,従業者数 Persons engaged／プラスチック製品(別掲を除く) Plastic products， except otherwise classified,従業者数 Persons engaged／ゴム製品 Rubber products,従業者数 Persons engaged／なめし革・同製品・毛皮 Tanned leather， leather products and fur skins,従業者数 Persons engaged／窯業・土石製品 Ceramic， stone and clay products,従業者数 Persons engaged／鉄鋼業 Iron and steel,従業者数 Persons engaged／非鉄金属 Non-ferrous metals and products,従業者数 Persons engaged／金属製品 Fabricated metal products,従業者数 Persons engaged／はん用機械器具 General-purpose machinery,従業者数 Persons engaged／生産用機械器具 Production machinery,従業者数 Persons engaged／業務用機械器具 Business use machinery,従業者数 Persons engaged／電子部品・デバイス・電子回路 Electronic parts， devices and electronic circuits,従業者数 Persons engaged／電気機械器具 Electrical machinery， equipment and supplies,従業者数 Persons engaged／情報通信機械器具 Information and communications equipment,従業者数 Persons engaged／輸送用機械器具 Transportation equipment,従業者数 Persons engaged／その他 Others,製造品出荷額等 Value of manufactured goods shipments， etc.／食料品 Food,製造品出荷額等 Value of manufactured goods shipments， etc.／飲料・たばこ・飼料 Beverages， tobacco and feed,製造品出荷額等 Value of manufactured goods shipments， etc.／繊維工業 Textiles,製造品出荷額等 Value of manufactured goods shipments， etc.／木材・木製品(家具を除く) Lumber and wood products， except furniture,製造品出荷額等 Value of manufactured goods shipments， etc.／家具・装備品 Furniture and fixtures,製造品出荷額等 Value of manufactured goods shipments， etc.／パルプ・紙・紙加工品 Pulp， paper and paper products,製造品出荷額等 Value of manufactured goods shipments， etc.／印刷・同関連業 Printing and allied industries,製造品出荷額等 Value of manufactured goods shipments， etc.／化学工業 Chemicals,製造品出荷額等 Value of manufactured goods shipments， etc.／石油・石炭製品 Petroleum and coal products,製造品出荷額等 Value of manufactured goods shipments， etc.／プラスチック製品(別掲を除く) Plastic products， except otherwise classified,製造品出荷額等 Value of manufactured goods shipments， etc.／ゴム製品 Rubber products,製造品出荷額等 Value of manufactured goods shipments， etc.／なめし革・同製品・毛皮 Tanned leather， leather products and fur skins,製造品出荷額等 Value of manufactured goods shipments， etc.／窯業・土石製品 Ceramic， stone and clay products,製造品出荷額等 Value of manufactured goods shipments， etc.／鉄鋼業 Iron and steel,製造品出荷額等 Value of manufactured goods shipments， etc.／非鉄金属 Non-ferrous metals and products,製造品出荷額等 Value of manufactured goods shipments， etc.／金属製品 Fabricated metal products,製造品出荷額等 Value of manufactured goods shipments， etc.／はん用機械器具 General-purpose machinery,製造品出荷額等 Value of manufactured goods shipments， etc.／生産用機械器具 Production machinery,製造品出荷額等 Value of manufactured goods shipments， etc.／業務用機械器具 Business use machinery,製造品出荷額等 Value of manufactured goods shipments， etc.／電子部品・デバイス・電子回路 Electronic parts， devices and electronic circuits,製造品出荷額等 Value of manufactured goods shipments， etc.／電気機械器具 Electrical machinery， equipment and supplies,製造品出荷額等 Value of manufactured goods shipments， etc.／情報通信機械器具 Information and communications equipment,製造品出荷額等 Value of manufactured goods shipments， etc.／輸送用機械器具 Transportation equipment,製造品出荷額等 Value of manufactured goods shipments， etc.／その他 Others
0,13000,,総数,Tokyo-to　,27142,296132,130710647,481551600,854521634,348473159,1219,85,1823,285,925,1067,4256,345,24,1449,490,1154,416,324,380,3901,802,2345,1189,626,1203,248,568,2018,31701,1483,7865,1222,5062,7884,50495,10940,361,10449,6138,5242,4323,3428,2806,22645,8147,18650,15180,10223,25740,9362,24259,12527,78090050,15060182,9144051,1707881,12424752,16621892,99476556,48670346,3749443,16584519,5820241,7909864,18154000,17667769,8372922,30374865,17154144,37493048,35881375,32879177,81748187,69395898,160861689,29278783
1,13100,,区部,All ku,22302,176300,69924591,185197923,360021618,163078475,861,43,1629,243,716,1003,3896,270,13,1177,476,1135,299,283,322,3354,658,1804,842,308,763,129,378,1700,15177,496,6699,1047,3111,6846,44474,8422,243,7561,2961,5185,2757,2824,1777,17941,4984,12416,8423,2401,6660,1418,3394,9083,35555226,1588426,8045141,1544364,4377674,14112497,87525585,37296645,x,11810827,3381944,7880324,10704840,14205847,5405192,23604949,9017043,21986008,21139685,3991717,11633490,x,6029567,14236770
2,13101,1,千代田区,Chiyoda-ku,247,2748,1258560,2398983,5549390,2930467,7,2,12,1,-,19,140,8,-,8,1,2,-,-,-,4,-,6,6,5,7,4,1,14,59,34,51,1,-,72,2007,42,-,39,5,4,-,-,-,24,-,59,93,23,77,64,1,93,414809,x,96165,-,-,165844,3672384,91681,-,172084,x,x,-,-,-,69207,-,160398,89366,42232,139092,183098,x,146690
2,13102,2,中央区,Chuo-ku,415,3418,1532917,3560178,7857882,3987516,52,3,37,2,5,14,217,13,1,10,1,2,-,-,-,8,3,4,5,5,6,5,2,20,455,17,213,10,14,72,2045,86,2,96,4,3,-,-,-,22,32,34,46,26,30,89,17,105,1098470,56725,418410,x,21048,125182,4738988,146201,x,352489,x,x,-,-,-,20379,182324,115560,82291,28500,45188,113295,x,262427
2,13103,3,港区,Minato-ku,264,2120,934812,2802575,5708402,2698797,18,2,20,1,9,4,99,6,-,3,-,-,4,4,-,27,5,17,8,7,10,4,2,14,372,11,74,1,34,25,816,80,-,13,-,-,68,9,-,78,77,174,85,30,62,52,12,47,1209138,x,125596,-,25895,23036,1697802,159902,-,24568,-,-,977051,4486,-,58984,130561,696611,180188,32246,90417,83062,x,117690
2,13104,4,新宿区,Shinjuku-ku,471,6879,3248516,12208058,19140257,6439997,18,1,33,3,15,27,284,7,-,5,1,2,1,1,1,11,1,9,14,5,5,3,1,23,246,21,106,10,47,166,5640,44,-,46,2,2,2,2,15,66,58,58,160,23,36,10,23,96,640537,x,118084,x,36076,324156,17010108,65577,-,69434,x,x,-,x,x,63075,x,100777,277890,24959,81457,9735,x,114412
2,13105,5,文京区,Bunkyo-ku,569,6000,2879036,5530515,11097715,5173278,20,-,26,7,7,23,336,6,-,7,-,8,9,1,2,12,2,5,32,6,7,2,1,50,203,-,118,37,21,85,4512,51,-,53,-,81,26,1,6,42,48,42,413,22,37,8,6,188,440507,-,134072,52440,33135,99066,8532515,115177,-,75425,-,183911,10864,-,-,36000,x,43542,818813,56166,91116,x,x,233195
2,13106,6,台東区,Taito-ku,1543,6985,2120163,5267162,10773683,5109975,47,1,111,29,57,111,269,8,-,42,35,314,15,2,14,135,3,25,25,6,15,2,9,268,459,3,427,76,230,633,1290,66,-,183,146,1317,47,3,31,443,16,146,155,30,82,17,41,1144,579815,x,546454,40619,243907,1309221,1781282,269687,-,627345,146455,2149668,21342,-,89910,329807,12507,362783,390544,85186,145421,x,48206,1504282
2,13107,7,墨田区,Sumida-ku,2154,14934,6045783,11089651,30149089,17946470,61,9,230,25,53,138,273,29,1,127,120,176,30,33,48,405,33,121,33,8,24,1,23,153,616,180,978,103,207,801,2374,2646,5,714,661,1059,338,292,134,1700,229,759,118,27,149,9,73,762,1146878,x,1518906,85619,262990,826361,3473068,12054182,x,824837,836140,1898494,436226,950947,168348,1808268,376871,837044,140290,43054,283681,x,92872,1123180
2,13108,8,江東区,Koto-ku,1350,13005,5330505,18152034,38362422,18775832,61,1,139,63,42,95,441,9,4,40,14,22,57,30,8,125,21,66,18,4,16,4,12,58,2299,7,406,464,262,618,4675,473,92,342,71,128,489,375,149,723,97,408,242,86,167,44,176,212,6160261,x,349247,1026731,573909,1109883,9653246,5727794,1003229,1131437,96048,217215,2741411,3229469,x,1350849,95516,815040,574488,140986,472402,x,480611,200734
2,13109,9,品川区,Shinagawa-ku,980,7036,2932675,6185528,12132710,5546102,35,1,17,4,25,14,111,10,-,90,10,4,16,7,19,167,59,149,39,35,85,21,26,36,383,7,62,8,71,85,1041,298,-,565,48,15,135,22,85,788,587,1006,218,196,680,143,413,180,715488,x,49894,2369,85361,286610,2372720,605153,-,879398,57743,x,442412,27275,112846,1141515,1112204,1564468,255093,264654,1131135,188867,573347,244353
2,13110,10,目黒区,Meguro-ku,325,2849,1178989,2592593,5434998,2638214,25,1,18,1,9,8,37,4,-,17,1,3,4,-,5,44,13,26,19,21,35,5,6,23,417,4,73,4,43,26,266,56,-,101,3,6,26,-,29,257,177,302,233,126,321,48,37,294,710369,x,125266,x,87388,15554,436933,56812,-,140375,x,3999,x,-,37696,525755,288551,652181,317563,121620,513377,94973,54733,972914
2,13111,11,大田区,Ota-ku,3068,24920,10348147,26708427,50879747,22511979,75,8,48,14,52,32,151,25,2,197,18,3,28,70,69,690,235,611,162,94,217,21,134,112,1615,122,267,59,207,246,1649,776,47,1645,214,24,304,483,389,4601,1629,4133,1665,823,2042,321,1150,509,4684928,288146,648592,115370,323864,417368,2727774,5671531,x,2591137,341271,x,1467500,1904875,1712438,6533347,3146998,7118570,2735856,1605485,3228383,666108,1901320,608879
2,13112,12,世田谷区,Setagaya-ku,334,2553,920448,2097154,4456841,2193152,34,1,25,4,18,8,55,11,-,7,5,-,9,1,5,27,6,14,29,14,25,5,1,30,474,3,118,22,96,34,406,104,-,24,30,-,120,3,24,127,28,105,284,135,202,31,6,177,804438,x,111221,x,186047,30700,557797,293719,-,21149,25859,-,634276,x,15809,183215,45029,193082,501359,205996,321203,46202,x,221308
2,13113,13,渋谷区,Shibuya-ku,173,1314,555491,1012469,2368935,1262066,9,1,31,-,8,6,45,4,-,5,1,-,1,-,1,10,1,-,7,3,13,3,1,23,48,2,146,-,18,37,573,34,-,16,2,-,1,-,4,39,2,-,51,34,135,20,1,151,24188,x,309429,-,10356,158704,892085,96986,-,20950,x,-,x,-,x,27269,x,-,47235,115932,252978,104193,x,263925
2,13114,14,中野区,Nakano-ku,230,1454,504441,949935,1997454,975206,17,3,31,5,15,3,59,4,-,3,-,1,3,-,1,14,3,7,13,4,10,3,3,28,421,21,199,8,35,7,273,18,-,8,-,1,8,-,2,86,18,60,106,16,44,8,25,90,536151,30427,159355,4109,26678,4581,306275,44383,-,1309,-,-,1500,-,-,126475,86163,123675,283711,12845,51797,11479,54190,132351
2,13115,15,杉並区,Suginami-ku,264,1520,552733,1178935,2540159,1273581,19,-,26,3,12,10,54,3,-,8,3,4,5,3,1,17,6,7,19,3,17,3,9,32,134,-,140,10,39,47,227,11,-,27,16,12,14,23,2,73,23,61,124,25,265,34,65,148,241796,-,166374,x,31162,53362,301214,2606,-,15359,3592,x,16002,72797,x,133731,12926,155201,313248,19035,403470,102097,269053,210360
2,13116,16,豊島区,Toshima-ku,445,3915,1778419,2990687,6544502,3313966,23,-,41,5,14,23,150,10,-,8,2,8,5,2,1,29,6,7,37,7,18,6,2,41,157,-,141,12,88,165,1936,105,-,72,12,31,33,4,4,131,69,27,245,100,123,59,9,392,299800,-,117298,14512,134922,378521,3195067,170474,-,184189,x,27571,107436,x,x,114492,101728,52873,394090,133185,245201,103413,x,732403
2,13117,17,北区,Kita-ku,644,8839,4222626,10253656,19972955,9144094,32,1,72,4,18,35,129,11,-,25,7,20,10,2,6,67,18,35,40,6,32,4,15,55,548,13,269,10,50,248,3874,714,-,128,53,116,36,2,38,343,102,309,732,43,254,26,223,708,614704,x,255454,2933,48686,397753,9164804,2231446,-,113568,66374,148320,138394,x,78411,640314,143688,590290,2367037,64350,565672,44089,447407,1826662
2,13118,18,荒川区,Arakawa-ku,1186,6801,2279671,5661818,9866703,3906614,39,2,81,13,56,83,211,10,-,76,20,92,8,5,16,183,23,49,41,10,30,5,8,125,514,31,275,30,195,392,1605,129,-,326,123,350,57,21,37,862,238,231,243,125,303,16,46,652,1393715,x,272197,22520,190753,484329,2282711,245131,-,229442,116397,417917,51845,24575,26337,885287,570733,300984,373586,234647,395137,x,55464,1218663
2,13119,19,板橋区,Itabashi-ku,1197,16133,7063151,22286231,39135275,15733393,41,-,47,2,22,65,327,30,2,65,9,6,17,13,26,123,32,101,104,23,25,11,20,86,1112,-,377,4,95,534,5825,1047,65,463,52,26,401,871,127,702,212,823,1857,128,290,77,457,588,2188344,-,812581,x,104082,954336,10313363,2220555,x,678606,50499,22056,1307637,5161808,222660,786874,422008,1399356,8980770,221403,969251,106920,1101671,828126
2,13120,20,練馬区,Nerima-ku,487,3878,1359728,3934770,7192099,3059996,40,-,76,6,34,27,66,6,-,34,3,4,7,4,8,27,10,12,30,9,25,5,4,50,905,-,247,11,197,275,427,119,-,219,16,22,56,6,240,134,61,64,233,77,197,172,36,164,1288038,-,104916,1660,372714,555493,552842,1062692,-,279003,33982,x,365725,300,655307,181333,136549,95055,284979,127451,282743,577494,x,171570
2,13121,21,足立区,Adachi-ku,2102,15605,5013407,15709102,28256268,11698542,101,-,157,23,120,106,182,25,3,120,41,240,15,24,29,385,67,149,63,11,47,4,32,158,2210,-,671,89,657,951,1233,1010,32,859,269,1024,220,252,214,2198,506,995,453,140,392,19,246,965,3114388,-,324256,52147,1040475,1933478,1732730,5039950,x,1144400,299179,1761992,628365,2024175,509479,2625258,754508,1771398,692401,169527,696272,x,411531,1412861
2,13122,22,葛飾区,Katsushika-ku,2131,11867,3727134,10437905,18376153,7409191,45,2,129,18,56,78,127,15,-,161,152,156,22,28,44,489,34,205,58,13,58,5,41,195,539,11,495,50,203,627,741,282,-,930,993,726,134,106,117,2493,218,1065,398,105,465,141,166,862,2799410,-,568051,23972,121531,2058971,974177,479653,-,1404478,1033988,767002,494729,86147,82412,2756500,334529,1520317,653682,139227,577938,379670,136189,983580
2,13123,23,江戸川区,Edogawa-ku,1723,11527,4137239,12189557,22227979,9350047,42,4,222,10,69,74,133,16,-,119,32,68,33,53,18,355,77,179,40,9,36,3,25,106,991,9,846,28,302,700,1039,231,-,692,241,238,242,349,130,2009,557,1555,269,61,307,10,165,556,4449054,5002,713323,19343,416695,2399988,1155700,445353,-,829845,241550,158337,668358,706898,554836,3207015,846656,3316803,385205,103031,650159,7235,241388,706205
1,13200,,市部,All shi,4344,111266,57144467,268867883,458150283,177026047,293,26,187,30,189,59,348,61,7,238,14,19,96,31,53,472,133,479,329,304,417,117,155,287,15675,901,1133,126,1883,918,5742,2236,77,2415,3177,57,1184,478,934,4178,3074,5679,6221,7644,18483,7772,18135,3144,41075718,13387356,1086796,122846,7982363,x,11046322,10638967,x,3990765,2438297,29540,5572329,3156519,2785620,x,7985807,14505237,13325141,28689552,68426790,65919602,131883163,14537315
2,13201,1,八王子市,Hachioji-shi,991,15599,6448446,18090415,37941845,18749284,47,7,72,8,37,12,61,17,1,72,2,3,18,6,17,109,28,146,69,79,77,21,30,52,2652,141,405,36,140,260,1766,933,17,655,38,8,172,28,245,800,480,1742,1158,1072,1512,465,553,321,5988782,341334,431762,31326,146223,827544,3782733,5800712,x,1103205,x,x,587935,54537,586711,1075052,1044130,5695821,2837750,2012902,2959754,624309,1115379,489146
2,13202,2,立川市,Tachikawa-shi,150,3609,1853502,6437495,10686698,4361901,18,-,3,1,7,3,22,3,-,6,1,1,2,-,-,12,4,10,11,9,19,4,4,10,394,-,10,4,1110,59,502,109,-,173,2,3,10,-,-,68,21,115,153,203,379,156,76,62,983970,-,7157,x,6542613,46327,541940,196279,-,412535,x,x,x,-,-,80652,112406,279600,182248,260521,746677,93111,132963,56257
2,13203,3,武蔵野市,Musashino-shi,64,487,210691,476608,886774,380302,6,-,5,-,1,-,10,1,-,1,-,1,2,-,-,6,1,4,5,3,7,1,1,9,37,-,9,-,2,-,102,6,-,3,-,7,17,-,-,19,18,33,33,54,49,66,2,30,43513,-,2164,-,-,-,134870,x,-,x,-,x,x,-,-,14908,x,155521,52447,93058,52997,x,-,13155
2,13204,4,三鷹市,Mitaka-shi,148,1704,794170,1785495,3365353,1491046,8,-,8,-,4,1,23,4,-,7,-,-,3,1,-,13,4,12,20,8,16,7,3,6,157,-,23,-,7,9,261,87,-,33,-,-,7,6,-,128,37,68,216,43,208,185,215,14,199901,-,2066,-,6100,x,402379,342523,-,31362,-,-,x,x,-,140953,54372,65014,483198,51914,261098,601891,668200,26917
2,13205,5,青梅市,Ome-shi,389,7311,4146946,9821040,17617304,7370957,24,3,14,2,23,3,12,3,1,42,2,1,11,11,1,49,12,60,25,20,28,7,16,19,743,96,218,3,55,38,115,49,17,311,22,6,140,126,6,379,81,866,724,1715,580,454,494,73,1339989,135319,225662,x,33458,27407,93989,476585,x,382243,x,x,421231,1191479,x,435389,100737,1623712,1614028,3743994,2104856,x,2879833,73291
2,13206,6,府中市,Fuchu-shi,235,13797,8343068,61488604,77099818,12916085,18,2,9,1,4,2,22,1,1,9,2,-,6,1,7,20,12,9,19,20,32,13,5,20,1191,144,70,2,6,16,350,2,18,72,10,-,103,4,363,126,377,94,81,684,5672,3620,666,126,2685509,x,44161,x,-,x,1266042,x,x,131185,x,-,458043,x,1595375,80604,696557,131536,132274,2070203,24822066,34242940,2430823,225757
2,13207,7,昭島市,Akishima-shi,189,8593,4858377,38354628,60071523,21553769,14,-,3,3,6,3,9,1,1,4,-,1,2,2,4,28,7,29,14,7,24,4,15,8,2013,-,7,19,38,43,28,12,13,82,-,3,252,11,33,352,40,433,447,1670,2124,238,655,80,3994385,-,4899,19357,48598,134855,25889,x,x,192966,-,-,x,x,19185,419078,58389,1411804,1041922,15915393,11994888,20345407,1891327,85410
2,13208,8,調布市,Chofu-shi,175,2402,1209713,2516238,5265202,2579742,11,1,7,-,14,6,17,2,-,8,-,1,9,2,3,15,6,6,15,15,17,5,2,13,159,47,55,-,39,40,170,21,-,70,-,1,74,20,5,148,83,59,178,96,960,97,4,76,599189,x,81465,-,26978,40642,183086,x,-,79631,-,-,468595,x,9505,146362,106322,60722,345370,108658,2311412,136004,x,69439
2,13209,9,町田市,Machida-shi,277,5944,2255077,7080981,13034433,5569688,25,-,9,1,5,1,16,4,3,11,2,2,4,-,2,35,9,19,15,32,35,12,8,27,1538,-,47,6,8,40,106,140,12,262,14,4,19,-,5,341,181,316,704,422,467,873,182,257,3300270,-,50172,x,-,x,125281,309689,60579,274719,x,-,38042,-,x,633480,513551,1084494,1455088,802164,1519518,2239971,351507,229514
2,13210,10,小金井市,Koganei-shi,46,395,173832,268452,653877,357857,5,-,1,-,2,1,3,1,-,2,-,1,1,-,-,4,2,7,4,-,3,1,1,7,37,-,7,-,5,17,7,27,-,17,-,2,9,-,-,8,35,31,53,-,18,19,13,90,34993,-,x,-,x,x,5040,x,-,x,-,-,x,-,-,2676,x,43370,32507,-,42048,x,x,155464
2,13211,11,小平市,Kodaira-shi,138,6039,4149276,8183182,11909385,3472093,10,-,7,-,10,5,15,1,-,5,2,-,4,1,1,13,6,9,9,12,17,4,1,6,717,-,40,-,43,59,162,9,-,35,3050,-,45,4,20,74,162,118,52,156,117,1143,1,32,1321451,-,18123,-,41886,72334,193634,x,-,43446,x,-,x,x,x,106219,1009388,158552,48617,151057,135150,6088646,-,48895
2,13212,12,日野市,Hino-shi,126,14691,8766058,31863310,81120245,45930174,1,1,3,-,4,4,13,1,-,5,-,-,3,1,3,9,4,13,11,11,14,6,7,12,74,10,6,-,13,23,157,82,-,143,-,-,39,4,8,49,14,75,258,254,4652,94,8695,41,x,x,-,-,8849,16311,266747,x,-,585476,-,-,x,x,x,45047,8438,101429,387347,348651,18479502,228358,x,24242
2,13213,13,東村山市,Higashimurayama-shi,160,2975,1204339,3264086,6191971,2723316,14,1,8,2,10,3,17,5,-,13,2,-,3,-,1,16,4,10,8,13,16,2,2,10,821,28,34,8,34,59,260,231,-,89,39,-,40,-,9,96,391,48,44,473,165,25,13,68,2380397,x,17696,x,33002,227653,462278,672345,-,136043,x,-,x,-,x,128110,707086,94003,54302,792252,202333,x,x,61013
2,13214,14,国分寺市,Kokubunji-shi,55,1140,662460,852582,1857972,948620,1,-,3,2,1,-,10,1,-,1,-,-,1,2,-,4,3,-,10,3,6,4,1,2,85,-,11,6,7,-,68,28,-,8,-,-,1,4,-,56,8,-,625,65,111,40,4,13,x,-,7058,x,x,-,97206,x,-,x,-,-,-,x,-,50468,6442,-,1212440,x,148652,36500,x,x
2,13215,15,国立市,Kunitachi-shi,39,333,97807,166979,449771,264002,8,-,2,-,-,-,5,1,-,1,-,-,-,-,-,1,-,4,4,1,4,2,3,3,105,-,4,-,-,-,12,12,-,3,-,-,-,-,-,1,-,5,60,5,60,21,30,15,191199,-,x,-,-,-,7137,x,-,x,-,-,-,-,-,x,-,10166,64675,x,71011,x,34531,30991
2,13218,16,福生市,Fussa-shi,83,1618,594232,1184072,2857429,1544003,6,2,1,-,3,-,9,1,-,4,-,-,1,-,1,15,1,7,4,5,7,-,9,7,372,47,7,-,5,-,620,4,-,19,-,-,30,-,8,88,16,85,38,17,80,-,152,30,437071,x,x,-,-,-,1385230,x,-,10460,-,-,x,-,x,201108,x,120860,55703,10649,173466,-,243754,20857
2,13219,17,狛江市,Komae-shi,65,507,210812,1155233,1644628,465028,4,2,4,-,1,1,9,1,-,5,-,-,-,-,1,8,3,5,6,1,5,2,-,7,20,18,11,-,4,51,49,31,-,12,-,-,-,-,2,54,27,63,62,11,51,17,-,24,x,x,4337,-,x,x,86152,x,-,13589,-,-,-,-,x,79528,36549,212358,x,x,89552,x,-,24473
2,13220,18,東大和市,Higashiyamato-shi,91,1298,543920,5293069,8971892,3418611,7,1,2,-,5,2,10,-,-,4,-,2,2,-,2,7,-,10,8,8,14,-,3,4,451,21,5,-,12,14,64,-,-,62,-,8,8,-,8,85,-,102,126,45,258,-,10,19,x,x,x,-,x,x,48292,-,-,98617,-,x,-,-,x,84307,-,194817,423444,49541,297913,-,x,15953
2,13221,19,清瀬市,Kiyose-shi,42,963,392181,1053161,1929397,823952,5,-,3,-,5,2,6,4,-,2,-,-,1,-,-,2,1,2,2,-,1,1,2,3,119,-,10,-,11,68,13,273,-,22,-,-,1,-,-,10,6,7,19,-,44,2,350,8,118711,-,x,-,6781,x,4157,755176,-,x,-,-,-,-,-,x,x,x,x,-,x,x,x,x
2,13222,20,東久留米市,Higashikurume-shi,98,3396,1849942,9156373,16291952,6681770,12,1,1,-,11,2,9,-,-,2,-,1,4,-,1,10,2,7,11,4,7,3,3,7,1653,205,1,-,33,4,59,-,-,4,-,3,33,-,3,96,16,96,98,33,78,37,17,927,4746786,x,x,-,36418,-,97584,-,-,x,-,x,130949,-,-,110480,x,251456,151597,22882,125527,65609,12277,4252735
2,13223,21,武蔵村山市,Musashimurayama-shi,224,4399,1617391,5203302,10341140,4847273,18,2,5,2,12,4,14,1,-,8,1,1,4,-,3,34,6,47,13,11,23,-,9,6,1601,5,101,6,218,48,106,6,-,65,2,2,39,-,7,378,43,837,155,140,256,-,364,20,4168775,-,148771,x,921417,94668,128491,x,-,37817,x,x,127898,-,2794,558393,123917,2235721,180472,216589,457314,-,899295,12282
2,13224,22,多摩市,Tama-shi,46,1150,428440,1885394,3294678,1347798,4,-,-,-,1,-,5,2,-,3,-,1,-,-,-,2,1,3,5,5,4,2,2,6,117,-,-,-,2,-,490,9,-,52,-,5,-,-,-,7,2,31,201,78,82,19,15,40,123541,-,-,-,x,-,1360878,x,-,x,-,x,-,-,-,x,-,x,1068459,318219,186259,x,x,41120
2,13225,23,稲城市,Inagi-shi,134,1892,931028,1410757,2990713,1481649,6,1,2,-,8,-,5,1,-,7,-,1,6,1,1,19,6,11,13,14,10,10,3,9,401,116,7,-,18,-,11,9,-,84,-,2,78,6,1,420,29,154,135,193,58,126,6,38,435410,x,x,-,1000,-,1797,x,-,132611,-,-,289773,-,-,877633,30720,114855,208631,218445,77339,139143,1269,36509
2,13227,24,羽村市,Hamura-shi,105,7567,3861135,42247075,67857086,23842789,1,-,2,-,3,-,8,2,-,2,-,-,1,2,3,16,5,11,8,7,9,2,13,10,4,-,4,-,43,-,144,139,-,14,-,-,15,263,61,214,704,60,100,108,116,26,5133,419,x,-,-,-,72959,-,134269,x,-,x,-,-,x,x,x,641487,1585136,56416,123680,1303450,259084,x,59407308,1326794
2,13228,25,あきる野市,Akiruno-shi,179,2442,1082943,2399861,4576199,2031561,11,2,5,8,7,3,7,-,-,12,-,-,8,1,2,18,1,32,10,8,19,2,12,11,155,23,22,36,17,58,19,-,-,117,-,-,52,2,150,158,12,202,315,60,372,10,485,177,101992,x,6451,28519,22063,x,16467,-,-,159043,-,-,205828,x,x,185070,x,313672,787377,46411,813693,x,999596,302418
2,13229,26,西東京市,Nishitokyo-shi,95,1015,458681,7229491,9242998,1872777,9,-,8,-,5,1,11,3,-,2,-,2,-,-,-,7,5,6,10,8,3,2,-,13,59,-,19,-,13,12,101,17,-,8,-,3,-,-,-,23,291,39,186,47,14,39,-,144,62803,-,3236,-,4525,x,194754,7959,-,x,-,x,-,-,-,14163,1586913,39416,283877,36658,x,x,-,6904273
1,13300,,郡部,All gun,412,8202,3558759,27379974,36046228,8196168,19,7,3,12,19,5,11,5,4,34,-,-,12,10,5,74,11,62,18,14,23,2,34,28,665,61,17,49,67,120,277,218,41,473,-,-,318,126,95,525,89,555,536,178,597,172,2726,297,1408045,46945,x,40671,x,x,904649,664014,x,782927,-,-,1742092,305403,182110,x,151294,1001803,1416549,197908,1687907,x,22948959,501307
1,13350,,島部,All islands,84,364,82830,105820,303505,172469,46,9,4,-,1,-,1,9,-,-,-,-,9,-,-,1,-,-,-,-,-,-,1,3,184,25,16,-,1,-,2,64,-,-,-,-,64,-,-,1,-,-,-,-,-,-,4,3,51061,37455,x,-,x,-,-,70720,-,-,-,-,134739,-,-,-,-,-,-,-,-,-,-,3391
,,,,,,,,,,,,,,,,,,,,,,,,,,,,,,,,,,,,,,,,,,,,,,,,,,,,,,,,,,,,,,,,,,,,,,,,,,,,,,,,,,
東京都統計年鑑（平成28年）TOKYO STATISTICAL YEARBOOK ( 2016 ) 11   工業 11  MANUFACTURING INDUSTRY,,,,,,,,,,,,,,,,,,,,,,,,,,,,,,,,,,,,,,,,,,,,,,,,,,,,,,,,,,,,,,,,,,,,,,,,,,,,,,,,,,
11-1  地域， 産業別事業所数， 従業者数及び製造品出荷額等 (平成27年) 11-1  ESTABLISHMENTS，EMPLOYEES，AND SHIPMENTS BY DISTRICT AND INDUSTRY ( 2015 ),,,,,,,,,,,,,,,,,,,,,,,,,,,,,,,,,,,,,,,,,,,,,,,,,,,,,,,,,,,,,,,,,,,,,,,,,,,,,,,,,,
この表は，平成28年経済センサス-活動調査から，工業統計調査の範囲，定義に合わせた形で，東京都が集計した結果である。調査時点は平成28年6月1日現在であるが，事業所数，従事者数以外の項目については平成27年1年間のもの（１月から12月の合計）となっている。なお，全事業所についての数値である。,,,,,,,,,,,,,,,,,,,,,,,,,,,,,,,,,,,,,,,,,,,,,,,,,,,,,,,,,,,,,,,,,,,,,,,,,,,,,,,,,,
This table shows the results of tabulations made by the TMG in line with data covered and definitions used in manufacturing statistics of the 2016 Economic Census for Business Activity. Survey is as of June 1， 2016， but items other than the number of establishments and employees are for the one year of 2015 ( total from Jan. through Dec. ). Data in this table covers all establishments， regardless of the number of employees.,,,,,,,,,,,,,,,,,,,,,,,,,,,,,,,,,,,,,,,,,,,,,,,,,,,,,,,,,,,,,,,,,,,,,,,,,,,,,,,,,,
注 1） 事業所数，従業者数以外の項目は個人経営調査票で把握した事業所は除く。,,,,,,,,,,,,,,,,,,,,,,,,,,,,,,,,,,,,,,,,,,,,,,,,,,,,,,,,,,,,,,,,,,,,,,,,,,,,,,,,,,
Note: 1) Items other than the number of establishments and employees exclude establishments revealed by the private management surveys. ,,,,,,,,,,,,,,,,,,,,,,,,,,,,,,,,,,,,,,,,,,,,,,,,,,,,,,,,,,,,,,,,,,,,,,,,,,,,,,,,,,
資料：都総務局統計部産業統計課 「2016東京の工業　経済センサス-活動調査（平成27年工業統計相当集計結果）」 Source: Bureau of General Affairs， TMG ,,,,,,,,,,,,,,,,,,,,,,,,,,,,,,,,,,,,,,,,,,,,,,,,,,,,,,,,,,,,,,,,,,,,,,,,,,,,,,,,,,
地域階層(0:東京都　1:区部・市部・郡部・島部　2:区市町村),,,,,,,,,,,,,,,,,,,,,,,,,,,,,,,,,,,,,,,,,,,,,,,,,,,,,,,,,,,,,,,,,,,,,,,,,,,,,,,,,,
(単位　金額　万円) (Value in ten thousands of yen) ,,,,,,,,,,,,,,,,,,,,,,,,,,,,,,,,,,,,,,,,,,,,,,,,,,,,,,,,,,,,,,,,,,,,,,,,,,,,,,,,,,
